,Scratch Project ID
0,129150753/editor/
2,131382669/editor/
4,129532769/editor/
7,130705606/editor/
9,129151851/editor/
11,129147127/editor/
13,129532847/editor/
15,129533232/editor/
17,129151366/editor/
19,129532431/editor/
21,129217127/editor/
23,129179080/editor/
25,129557515/editor/
27,130160517/editor/
29,129181430/editor/
31,129175891/editor/
33,129175253/editor/
35,129175558/editor/
37,129175360/editor/
39,129175789/editor/
41,129208822/editor/
43,129553419/editor/
45,129112111/editor/
47,129109101/editor/
49,129113450/editor/
51,129723521/editor/
52,129112463/editor/
53,129108168/editor/
54,126845274/editor/
56,129108557/editor/
58,129107636/editor/
60,129109176/editor/
62,129109590/editor/
65,129136551/editor/
67,129506444/editor/
69,129132173/editor/
70,129132380/editor/
71,129132150/editor/
72,129137174/editor/
73,129131832/editor/
75,129132882/editor/
77,129133904/editor/
79,129134019/editor/
81,129505443/editor/
89,131210000/editor/
90,129151677/editor/
92,128884245/editor/
93,129144339/editor/
95,129496171/editor/
98,129969362/editor/
100,129969202/editor/
102,129144529/editor/
103,129532331/editor/
105,129135793/editor/
107,129552733/editor/
109,129181598/editor/
110,129152444/editor/
112,129176644/editor/
114,131009961/editor/
116,129177311/editor/
118,129144529/editor/
119,131700489/editor/
121,131720806/editor/
123,129174445/editor/
125,129178359/editor/
130,129110587/editor/
132,129552733/editor/
134,129565552/editor/
135,129564450/editor/
137,129565728/editor/
139,129915141/editor/
140,129107977/editor/
142,131614215/editor/
143,129562720/editor/
145,129107084/editor/
148,129500016/editor/
152,129505971/editor/
154,129134467/editor/
156,129133703/editor/
158,128882295/editor/
161,129133223/editor/
163,130614446/editor/
165,129136056/editor/
167,129135793/editor/
168,145502332/editor/
169,141795915/editor/
170,142619738/editor/
171,143179714/editor/
172,144080429/editor/
173,142618845/editor/
174,142617346/editor/
175,143501933/editor/
176,143180632/editor/
177,143381986/editor/
178,143446891/editor/
179,143432270/editor/
180,143163429/editor/
181,143435029/editor/
182,144275907/editor/
185,142606997/editor/
186,143180040/editor/
187,142606269/editor/
190,145869229/editor/
191,145692876/editor/
192,142620265/editor/
194,143182247/editor/
198,141844038/editor/
199,142605956/editor/
201,142740755/editor/
208,142740373/editor/
225,42792810/editor/
259,165069525/editor/
261,165070843/editor/
263,165073564/editor/
266,165070872/editor/
269,165071206/editor/
271,165072075/editor/
274,165074407/editor/
277,165072757/editor/
278,165073712/editor/
280,165196926/editor/
282,165366313/editor/
284,165085276/editor/
286,165199497/editor/
288,165084615/editor/
289,165673060/editor/
291,165085405/editor/
293,165086014/editor/
295,165083987/editor/
297,165085614/editor/
299,165084997/editor/
301,165094114/editor/
303,165366815/editor/
305,165093879/editor/
307,165216123/editor/
309,165094130/editor/
311,165208194/editor/
313,165214166/editor/
315,166203032/editor/
317,165095405/editor/
319,165228315/editor/
321,165053093/editor/
323,165047844/editor/
325,165230892/editor/
327,165230549/editor/
329,165048232/editor/
331,165228217/editor/
333,165050854/editor/
335,165048124/editor/
339,165048838/editor/
344,https://scratch.mit.edu/projects/144254416/editor/
345,https://scratch.mit.edu/projects/144267759/editor/
347,https://scratch.mit.edu/projects/144268978/editor/
348,https://scratch.mit.edu/projects/144254018/editor/
349,https://scratch.mit.edu/projects/145261500/editor/
351,https://scratch.mit.edu/projects/144268124/editor/
352,https://scratch.mit.edu/projects/145261408/editor/
353,https://scratch.mit.edu/projects/144267679/editor/
354,https://scratch.mit.edu/projects/144253714/editor/
355,https://scratch.mit.edu/projects/145242632/editor/
359,https://scratch.mit.edu/projects/144268279/editor/
360,https://scratch.mit.edu/projects/144253835/editor/
361,https://scratch.mit.edu/projects/144268901/editor/
362,https://scratch.mit.edu/projects/144268475/editor/
363,https://scratch.mit.edu/projects/144255145/editor/
365,https://scratch.mit.edu/projects/145242866/editor/
369,https://scratch.mit.edu/projects/144261372/editor/
370,https://scratch.mit.edu/projects/144254606/editor/
383,https://scratch.mit.edu/projects/144267259/editor/
386,https://scratch.mit.edu/projects/164667265/editor/
401,https://scratch.mit.edu/projects/165216252/editor/
416,https://scratch.mit.edu/projects/164674848/editor/
425,https://scratch.mit.edu/projects/165597006/editor/
430,https://scratch.mit.edu/projects/164702572/editor/
558,210203780/editor/
559,212654478/editor/
561,209520961/editor/
562,210521184/editor/
563,209393657/editor/
564,209449947/editor/
565,209427643/editor/
566,209463290/editor/
567,209466901/editor/
569,209462986/editor/
570,208918047/editor/
571,209453746/editor/
572,209392563/editor/
573,209431990/editor/
574,209392686/editor/
576,209392926/editor/
578,209465937/editor/
579,209397342/editor/
580,208963537/editor/
584,212769760/editor/
586,209394160/editor/
587,209449922/editor/
588,209424892/editor/
590,208966547/editor/
598,210224485/editor/
599,209425452/editor/
601,209451652/editor/
603,208949481/editor/
605,210799305/editor/
610,209464637/editor/
614,210475569/editor/
615,209448331/editor/
621,209464024/editor/
622,210203625/editor/
623,209453883/editor/
627,210209493/editor/
632,208948112/editor/
639,209427136/editor/
650,210545250/editor/
651,210270265/editor/
652,210543223/editor/
653,210274428/editor/
654,210561152/editor/
655,210546104/editor/
656,210533073/editor/
658,210551034/editor/
659,208431667/editor/
660,210272031/editor/
662,210231409/editor/
663,210564768/editor/
665,210270408/editor/
667,213082768/editor/
669,210560736/editor/
670,210270414/editor/
673,210529326/editor/
674,210531801/editor/
675,210560441/editor/
680,210529410/editor/
681,210544814/editor/
684,210275724/editor/
686,210531356/editor/
688,210531527/editor/
690,210207543/editor/
692,210549995/editor/
693,212113712/editor/
698,210230491/editor/
700,210210873/editor/
705,212119350/editor/
707,210551510/editor/
708,211789615/editor/
715,209376529/editor/
720,211022187/editor/
721,211028901/editor/
723,211023152/editor/
724,210506668/editor/
725,210505586/editor/
726,210195646/editor/
727,211947416/editor/
731,210505904/editor/
732,210198043/editor/
733,210504816/editor/
737,211022471/editor/
745,212049312/editor/
748,212046035/editor/
750,212046067/editor/
751,212048123/editor/
752,212046387/editor/
753,212048465/editor/
754,212055319/editor/
758,212047693/editor/
765,212066984/editor/
766,212063189/editor/
770,212062186/editor/
772,212064038/editor/
774,211872315/editor/
775,211872439/editor/
776,212068226/editor/
778,212064371/editor/
781,212064518/editor/
789,212569382/editor/
790,212087668/editor/
791,212568712/editor/
797,212086035/editor/
802,212568185/editor/
804,212086261/editor/
808,212122582/editor/
812,212123716/editor/
816,212582972/editor/
817,212585806/editor/
820,212121956/editor/
823,212748264/editor/
831,215223802/editor/
832,215453878/editor/
833,215218088/editor/
835,215217940/editor/
836,215454940/editor/
838,215453615/editor/
841,215216889/editor/
842,215220680/editor/
843,215218459/editor/
847,215457652/editor/
852,215466659/editor/
853,215791299/editor/
854,215466926/editor/
855,215469946/editor/
856,215260697/editor/
858,215466104/editor/
859,215468136/editor/
861,215465910/editor/
863,215468847/editor/
864,215465200/editor/
866,215466394/editor/
871,219283149/editor/
876,215171897/editor/
877,218633044/editor/
879,215166252/editor/
880,215170784/editor/
882,215908750/editor/
883,218636262/editor/
884,215479903/editor/
886,215171414/editor/
889,215479207/editor/
892,215167214/editor/
893,215168798/editor/
897,215168918/editor/
900,215511693/editor/
901,215513522/editor/
903,215511294/editor/
904,215510929/editor/
905,215212824/editor/
907,215212013/editor/
908,215215089/editor/
909,215211155/editor/
911,215512701/editor/
912,215466394/editor/
915,215510573/editor/
923,213801555/editor/
924,213802560/editor/
926,213801964/editor/
927,213801064/editor/
928,213801338/editor/
930,213802022/editor/
931,213801082/editor/
932,213801132/editor/
935,213254704/editor/
936,213801285/editor/
944,213808713/editor/
946,213639656/editor/
950,213808655/editor/
951,213808709/editor/
953,213808905/editor/
956,213639918/editor/
959,213639545/editor/
963,213809012/editor/
966,213809105/editor/
968,215916073/editor/
969,213124175/editor/
970,214026300/editor/
971,213229165/editor/
972,213223641/editor/
973,213225568/editor/
974,214943557/editor/
975,213865726/editor/
979,213867156/editor/
981,213009936/editor/
984,213866206/editor/
987,213229470/editor/
993,213855492/editor/
995,213854902/editor/
997,213213910/editor/
1000,214107029/editor/
1001,212995824/editor/
1002,213213851/editor/
1004,213856322/editor/
1005,213214442/editor/
1006,213215093/editor/
1009,213855875/editor/
1014,213212934/editor/
1017,213257497/editor/
1018,213497977/editor/
1019,213255457/editor/
1020,213256032/editor/
1021,213691584/editor/
1022,213689745/editor/
1023,213690592/editor/
1024,213257375/editor/
1026,213690593/editor/
1033,213256316/editor/
1039,213264335/editor/
1040,213635263/editor/
1041,213263195/editor/
1042,213635651/editor/
1043,213266148/editor/
1044,213266628/editor/
1046,213265372/editor/
1048,213263614/editor/
1052,213268412/editor/
1056,213261417/editor/
1058,213636381/editor/
1060,213637026/editor/
1063,213213786/editor/
1065,215828354/editor/
1066,213212821/editor/
1067,213217064/editor/
1068,212988310/editor/
1069,213213330/editor/
1071,213216839/editor/
1072,213215827/editor/
1073,216524029/editor/
1077,213215629/editor/
1080,213214439/editor/
1087,213865007/editor/
1088,216032062/editor/
1091,213864987/editor/
1092,213227292/editor/
1093,213864764/editor/
1094,213223998/editor/
1095,213228009/editor/
1097,213225226/editor/
1099,213003292/editor/
1103,213864894/editor/
1111,185588421/editor/
1115,183527987/editor/
1117,184542509/editor/
1118,186054262/editor/
1119,184012808/editor/
1120,183746615/editor/
1123,183501411/editor/
1125,183568869/editor/
1126,185856569/editor/
1131,183526864/editor/
1133,184481993/editor/
1136,183830596/editor/
1137,184326510/editor/
1139,183486903/editor/
1142,183526146/editor/
1146,185092101/editor/
1147,183317539/editor/
1148,183526193/editor/
1149,183556719/editor/
1150,183568881/editor/
1158,185060045/editor/
1159,183484560/editor/
1161,183568748/editor/
1166,185577679/editor/
1167,183640395/editor/
1170,183484569/editor/
1173,183993269/editor/
1176,183493097/editor/
1178,183569358/editor/
1179,183555637/editor/
1180,185348974/editor/
1190,184535028/editor/
1192,183569152/editor/
1197,183485661/editor/
1198,185622433/editor/
1199,185033345/editor/
1201,184540208/editor/
1205,183319452/editor/
1207,184477898/editor/
1210,183575766/editor/
1212,185105836/editor/
1224,183503321/editor/
1227,216044242/editor/
1228,218168859/editor/
1229,215798662/editor/
1230,216061437/editor/
1231,216061381/editor/
1233,218372757/editor/
1234,216097803/editor/
1236,215754730/editor/
1237,215752728/editor/
1238,218184771/editor/
1239,219798860/editor/
1240,216016892/editor/
1242,216098444/editor/
1243,216019783/editor/
1244,215739233/editor/
1245,216097215/editor/
1246,220525125/editor/
1247,215739598/editor/
1249,218164279/editor/
1251,216062843/editor/
1253,216064894/editor/
1254,216049586/editor/
1255,216063814/editor/
1256,215739268/editor/
1257,216047817/editor/
1262,216047108/editor/
1265,216047787/editor/
1268,218954749/editor/
1272,215880282/editor/
1275,216018957/editor/
1276,216094292/editor/
1277,216021570/editor/
1279,216047241/editor/
1280,216050183/editor/
1281,216103839/editor/
1288,219659293/editor/
1290,218182764/editor/
1292,216096385/editor/
1294,216019700/editor/
1302,216018959/editor/
1307,218184096/editor/
1319,210193236/editor/
1320,210997416/editor/
1321,211278289/editor/
1322,210487350/editor/
1324,210996712/editor/
1325,210478812/editor/
1326,210478520/editor/
1328,210189023/editor/
1331,210477642/editor/
1333,212627980/editor/
1340,210542830/editor/
1341,210541332/editor/
1342,210544376/editor/
1343,210546161/editor/
1344,210548704/editor/
1345,210542187/editor/
1347,210541102/editor/
1348,210544292/editor/
1351,210947890/editor/
1355,210541569/editor/
1362,218171960/editor/
1363,218170610/editor/
1365,218171351/editor/
1367,218171018/editor/
1368,218171483/editor/
1369,218172335/editor/
1372,220243615/editor/
1375,218172949/editor/
1376,218171128/editor/
1377,218171700/editor/
1378,218183736/editor/
1385,218191920/editor/
1388,218191416/editor/
1389,218191352/editor/
1390,218191857/editor/
1391,218191766/editor/
1392,218191738/editor/
1394,218191088/editor/
1395,218192272/editor/
1397,218195365/editor/
1401,219950563/editor/
1402,214328497/editor/
1407,219046349/editor/
1408,218378379/editor/
1410,218377291/editor/
1412,218377717/editor/
1413,218377658/editor/
1414,218377471/editor/
1415,218377602/editor/
1416,215504396/editor/
1418,218377900/editor/
1420,218377419/editor/
1428,218376517/editor/
1430,218378396/editor/
1431,218090387/editor/
1432,214923362/editor/
1433,218090350/editor/
1434,218091402/editor/
1435,218091745/editor/
1437,218089798/editor/
1438,218090039/editor/
1439,214492452/editor/
1440,216021451/editor/
1441,214931729/editor/
1443,218390724/editor/
1448,218090974/editor/
1455,183007824/editor/
1457,183093660/editor/
1459,183093675/editor/
1461,182594691/editor/
1463,182686934/editor/
1465,183021388/editor/
1467,183021216/editor/
1469,183021117/editor/
1471,182647869/editor/
1473,184535838/editor/
1475,182649745/editor/
1477,182686529/editor/
1478,183021259/editor/
1480,182597038/editor/
1482,183008289/editor/
1484,183107163/editor/
1486,183093676/editor/
1488,183021111/editor/
1490,183065692/editor/
1492,183007674/editor/
1494,182651885/editor/
1496,183093633/editor/
1498,183107160/editor/
1500,184041500/editor/
1502,186087089/editor/
1504,183116880/editor/
1507,184079338/editor/
1509,184448055/editor/
1511,183093655/editor/
1514,183021211/editor/
1516,182647899/editor/
1518,183021228/editor/
1520,183093639/editor/
1522,183021149/editor/
1524,183093653/editor/
1526,183009696/editor/
1528,183093643/editor/
1530,183065646/editor/
1532,181922492/editor/
1534,182686181/editor/
1536,183835551/editor/
1538,183007088/editor/
1540,183021196/editor/
1542,183021175/editor/
1544,183007123/editor/
1546,183093719/editor/
1548,182647882/editor/
1551,183107195/editor/
1553,183007618/editor/
1556,183107171/editor/
1558,183107182/editor/
1560,183482073/editor/
1562,183021113/editor/
1564,183007262/editor/
1566,183093651/editor/
1568,182648156/editor/
1572,183065640/editor/
1574,182196521/editor/
1576,182188379/editor/
1578,182376301/editor/
